{"cameraMode":{"drawMode":0,"name":"Shaded","section":"Shading Mode"},"sceneLighting":false,"audioPlay":false,"sceneViewState":{"showFog":true,"showMaterialUpdate":false,"showSkybox":false,"showFlares":true,"showImageEffects":true,"showParticleSystems":true},"in2DMode":false,"pivot":{"x":-0.994999885559082,"y":2.4800000190734865,"z":1.3569750785827637},"rotation":{"x":-0.49753275513648989,"y":-0.013789433985948563,"z":0.007919535040855408,"w":-0.8673297762870789},"size":4.3492536544799809,"orthographic":false}